lambda_nm,t_xx_real,t_xx_imag,t_xy_real,t_xy_imag,t_yx_real,t_yx_imag,t_yy_real,t_yy_imag,abs_txx_sq,abs_txy_sq,abs_tyx_sq,abs_tyy_sq,phase_txx_rad,phase_tyy_rad,retardance_deg,qwp_error_deg,T_x,T_y
500.000000,-8.902723034106e-01,-4.071681827357e-01,1.531000337107e-02,3.785736019863e-03,8.425473670096e-03,-1.117261771815e-02,4.159677692658e-01,-8.841584992250e-01,9.583707032523e-01,2.487280004342e-04,1.958159932415e-04,9.547654368198e-01,-2.712641310257e+00,-1.131052658517e+00,90.618355,0.618355,9.585664345260e-01,9.550140880878e-01
501.000000,-9.050128923855e-01,-3.753031939729e-01,1.518553461735e-02,3.132889500838e-03,8.009625062154e-03,-1.162642910847e-02,3.853254069164e-01,-9.007083059421e-01,9.599008227901e-01,2.404154582393e-04,1.993279474507e-04,9.597511216084e-01,-2.748483772097e+00,-1.166554200257e+00,90.637888,0.637888,9.601001080858e-01,9.599914618489e-01
502.000000,-9.184336229592e-01,-3.432184503682e-01,1.503843879541e-02,2.517206392302e-03,7.556173370050e-03,-1.205137896315e-02,3.540344553119e-01,-9.160412268398e-01,9.613192244552e-01,2.324909694247e-04,2.023314909116e-04,9.644719248181e-01,-2.783962382030e+00,-1.201996479402e+00,90.639970,0.639970,9.615214592544e-01,9.647043302382e-01
503.000000,-9.305650661373e-01,-3.109730565888e-01,1.487363801382e-02,1.937647327266e-03,7.069363198628e-03,-1.244348220589e-02,3.221585678490e-01,-9.301080700600e-01,9.626555842393e-01,2.249795849309e-04,2.048161454424e-04,9.688871648293e-01,-2.819083364135e+00,-1.237361859211e+00,90.625967,0.625967,9.628604064857e-01,9.691120591880e-01
504.000000,-9.414415791778e-01,-2.786157923060e-01,1.469558811558e-02,1.392535755277e-03,6.553787729508e-03,-1.279949470936e-02,2.897680263941e-01,-9.428655251927e-01,9.639390067272e-01,2.178994658924e-04,2.067791984183e-04,9.729609077172e-01,-2.853859337959e+00,-1.272631149634e+00,90.597702,0.597702,9.641457200380e-01,9.731787145550e-01
505.000000,-9.510946564435e-01,-2.461938167481e-01,1.450822419396e-02,8.798812412284e-04,6.014353341045e-03,-1.311703153128e-02,2.569403119772e-01,-9.542789811228e-01,9.651924409204e-01,2.112627602607e-04,2.082289623035e-04,9.766666977318e-01,-2.888299157230e+00,-1.307782983817e+00,90.556906,0.556906,9.654006696467e-01,9.768778869142e-01
506.000000,-9.595583509718e-01,-2.137452447052e-01,1.431480590824e-02,3.972696138441e-04,5.455991810048e-03,-1.339435864668e-02,2.237560914267e-01,-9.643212849814e-01,9.664392585538e-01,2.050714913367e-04,2.091766901872e-04,9.799823291187e-01,-2.922417226546e+00,-1.342796237623e+00,90.505616,0.505616,9.666484095783e-01,9.801872990015e-01
507.000000,-9.668609048478e-01,-1.813052262218e-01,1.411815507697e-02,-5.781558776747e-05,4.883824502746e-03,-1.363065349080e-02,1.903010246887e-01,-9.729745144854e-01,9.676915943785e-01,1.993256454195e-04,2.096464563600e-04,9.828938858356e-01,-2.956225913109e+00,-1.377647755016e+00,90.445866,0.445866,9.679012113234e-01,9.830931323569e-01
508.000000,-9.730330108882e-01,-1.489055822571e-01,1.392041859490e-02,-4.881120603061e-04,4.302642623907e-03,-1.382574155357e-02,1.566611414259e-01,-9.802307689995e-01,9.689661127055e-01,1.940163072408e-04,2.096638630552e-04,9.853950737262e-01,-2.989738355643e+00,-1.412315920090e+00,90.379648,0.379648,9.691757967299e-01,9.855889877991e-01
509.000000,-9.780996298695e-01,-1.165722933811e-01,1.372325967284e-02,-8.963768465840e-04,3.717157254874e-03,-1.398015787953e-02,1.229235547208e-01,-9.860905208486e-01,9.702679855350e-01,1.891313474992e-04,2.092620723940e-04,9.874847156127e-01,-3.022969766737e+00,-1.446778601568e+00,90.309101,0.309101,9.704772163649e-01,9.876737642447e-01
510.000000,-9.820852852438e-01,-8.433301287897e-02,1.352773506315e-02,-1.285211778601e-03,3.131718767308e-03,-1.409497385078e-02,8.917383750975e-02,-9.905651040831e-01,9.716035645536e-01,1.846513852546e-04,2.084759502917e-04,9.891711987234e-01,-3.055931419362e+00,-1.481015142035e+00,90.236056,0.236056,9.718120820006e-01,9.893557669145e-01
511.000000,-9.850121749384e-01,-5.220921248925e-02,1.333459119522e-02,-1.657205690898e-03,2.550329475181e-03,-1.417188126520e-02,5.549444773275e-02,-9.936730397189e-01,9.729747866455e-01,1.805576530456e-04,2.073463990270e-04,9.904657435933e-01,-3.088638584434e+00,-1.515006486515e+00,90.162478,0.162478,9.731821153320e-01,9.906461964482e-01
512.000000,-9.868984245732e-01,-2.022537004931e-02,1.314402629470e-02,-2.014677788389e-03,1.976527289154e-03,-1.421294633056e-02,2.196511000301e-02,-9.954424397429e-01,9.743775660187e-01,1.768243538269e-04,2.059145035202e-04,9.913881168987e-01,-3.121101649941e+00,-1.548734231315e+00,90.090017,0.090017,9.745835145787e-01,9.915648752869e-01
513.000000,-9.877634292884e-01,1.159712487167e-02,1.295601969514e-02,-2.359761084984e-03,1.413383102062e-03,-1.422060267937e-02,-1.134089893985e-02,-9.959078645057e-01,9.758110855448e-01,1.734269187191e-04,2.042231923577e-04,9.919610905730e-01,3.129852401118e+00,-1.582183332733e+00,90.020240,0.020240,9.760153460453e-01,9.921344256646e-01
514.000000,-9.876208853724e-01,4.323625252506e-02,1.277017147181e-02,-2.694345315202e-03,8.634686324946e-04,-1.419756410822e-02,-4.435477522632e-02,-9.951102335293e-01,9.772643867562e-01,1.703367760970e-04,2.023164046862e-04,9.922117229602e-01,3.097842401144e+00,-1.615339569418e+00,89.954565,0.045435,9.774667024193e-01,9.923819776808e-01
515.000000,-9.864870017033e-01,7.466816890999e-02,1.258593912559e-02,-3.019960203778e-03,3.288317398559e-04,-1.414666736765e-02,-7.701514679996e-02,-9.930963058858e-01,9.787319399779e-01,1.675260233056e-04,2.002363279240e-04,9.921716056006e-01,3.066045725415e+00,-1.648191952172e+00,89.894077,0.105923,9.789322438845e-01,9.923390493141e-01
516.000000,-9.843741530422e-01,1.058714299687e-01,1.240258071659e-02,-3.337971952071e-03,-1.889626271208e-04,-1.407087797451e-02,-1.092671938187e-01,-9.899157190575e-01,9.802012328613e-01,1.649660651845e-04,1.980253138479e-04,9.918724504822e-01,3.034452477973e+00,-1.680731591180e+00,89.839853,0.160147,9.803992750603e-01,9.920373438309e-01
517.000000,-9.812955673842e-01,1.368197499155e-01,1.221927338505e-02,-3.649323891111e-03,-6.888541397994e-04,-1.397313716616e-02,-1.410630556079e-01,-9.856223798095e-01,9.816606345348e-01,1.626282069207e-04,1.957230822903e-04,9.913502612387e-01,3.003058088761e+00,-1.712951748013e+00,89.792540,0.207460,9.818564355460e-01,9.915128296471e-01
518.000000,-9.772647719811e-01,1.674898301503e-01,1.203515515288e-02,-3.954799624599e-03,-1.170218447702e-03,-1.385632537903e-02,-1.723626704369e-01,-9.802706734245e-01,9.830992777590e-01,1.604853996246e-04,1.933671642248e-04,9.906394833363e-01,2.971855408000e+00,-1.744848876524e+00,89.752751,0.247249,9.832926853965e-01,9.907998885911e-01
519.000000,-9.722935957042e-01,1.978541908122e-01,1.184934556054e-02,-4.254828622381e-03,-1.632866970371e-03,-1.372320939192e-02,-2.031319976397e-01,-9.739165305835e-01,9.845011170693e-01,1.585105568188e-04,1.909927305573e-04,9.897760170088e-01,2.940841447654e+00,-1.776420718402e+00,89.720787,0.279213,9.846921650035e-01,9.899344694508e-01
520.000000,-9.663977899122e-01,2.278861061926e-01,1.166108348243e-02,-4.549670720738e-03,-2.076951449672e-03,-1.357633722266e-02,-2.333445908932e-01,-9.666154173567e-01,9.858567657428e-01,1.566803716513e-04,1.886306597077e-04,9.887950631707e-01,2.910013376531e+00,-1.807668185952e+00,89.696757,0.303243,9.860454798163e-01,9.889516792021e-01
521.000000,-9.595905412753e-01,2.575582424990e-01,1.146956998244e-02,-4.839385993802e-03,-2.502965241351e-03,-1.341808553769e-02,-2.629796501219e-01,-9.584212919336e-01,9.871502551842e-01,1.549706923792e-04,1.863098544963e-04,9.877296692099e-01,2.879368678417e+00,-1.838593815520e+00,89.680661,0.319339,9.873366132100e-01,9.878845928915e-01
522.000000,-9.518896845416e-01,2.868408408740e-01,1.127423027486e-02,-5.123801232560e-03,-2.911648679380e-03,-1.325054495559e-02,-2.920223384807e-01,-9.493871599700e-01,9.883716395301e-01,1.533616073615e-04,1.840546396522e-04,9.866130256876e-01,2.848908492892e+00,-1.869202125278e+00,89.672174,0.327826,9.885558045714e-01,9.867663492419e-01
523.000000,-9.433120952130e-01,3.157067821255e-01,1.107451017063e-02,-5.402664178276e-03,-3.303983030497e-03,-1.307553075243e-02,-3.204627965933e-01,-9.395622245086e-01,9.895084812551e-01,1.518335557426e-04,1.818858083235e-04,9.854735777239e-01,2.818631456657e+00,-1.899499660528e+00,89.671000,0.329000,9.896904416979e-01,9.856254035666e-01
524.000000,-9.338787294767e-01,3.441264426913e-01,1.087010174958e-02,-5.675598662576e-03,-3.681066154702e-03,-1.289458487372e-02,-3.482959082335e-01,-9.289935180864e-01,9.905524899283e-01,1.503715322248e-04,1.798205671009e-04,9.843389963388e-01,2.788540174222e+00,-1.929494648326e+00,89.676517,0.323483,9.907323577868e-01,9.844893391475e-01
525.000000,-9.236109244535e-01,3.720707370966e-01,1.066076796473e-02,-5.942142338639e-03,-4.044116740203e-03,-1.270898034550e-02,-3.755193918119e-01,-9.177265692389e-01,9.914937731735e-01,1.489610291704e-04,1.778730616307e-04,9.832368695138e-01,2.758637315252e+00,-1.959195126597e+00,89.688113,0.311887,9.916717265499e-01,9.833858643594e-01
526.000000,-9.125330299252e-01,3.995130351483e-01,1.044645380324e-02,-6.201826392173e-03,-4.394436205562e-03,-1.251965427998e-02,-4.021360411529e-01,-9.057995491274e-01,9.923271959578e-01,1.475910476619e-04,1.760528128549e-04,9.821862187936e-01,2.728924850264e+00,-1.988613532952e+00,89.704961,0.295039,9.925033263288e-01,9.823337699844e-01
527.000000,-9.006701363023e-01,4.264259217927e-01,1.022721734469e-02,-6.454158752203e-03,-4.733282636799e-03,-1.232730808806e-02,-4.281475517970e-01,-8.932503300223e-01,9.930457612035e-01,1.462521398141e-04,1.743664892177e-04,9.812064781947e-01,2.699406430910e+00,-2.017758758989e+00,89.726343,0.273657,9.932201840390e-01,9.813527517106e-01
528.000000,-8.880512427705e-01,4.527838889340e-01,1.000328876566e-02,-6.698654358307e-03,-5.061936366617e-03,-1.213238581024e-02,-4.535616715259e-01,-8.801122135697e-01,9.936482598643e-01,1.449377563412e-04,1.728179852283e-04,9.803156983518e-01,2.670086333309e+00,-2.046644657995e+00,89.751221,0.248779,9.938211723172e-01,9.804606297094e-01
529.000000,-8.747051004263e-01,4.785639080081e-01,9.774981814584e-03,-6.934914535892e-03,-5.381578422113e-03,-1.193506834345e-02,-4.783834818428e-01,-8.664133032876e-01,9.941324267597e-01,1.436433090956e-04,1.714072426762e-04,9.795227678138e-01,2.640967440081e+00,-2.075282852079e+00,89.778763,0.221237,9.943039063707e-01,9.796664099330e-01
530.000000,-8.606635066419e-01,5.037431283788e-01,9.542733823743e-03,-7.162549289164e-03,-5.693307758195e-03,-1.173536935525e-02,-5.026209007393e-01,-8.521818290046e-01,9.944988110541e-01,1.423658811505e-04,1.701326471338e-04,9.788416395456e-01,2.612054892068e+00,-2.103685599945e+00,89.807973,0.192027,9.946690475709e-01,9.789840555043e-01
531.000000,-8.459592461345e-01,5.283030819437e-01,9.307069890991e-03,-7.381301584168e-03,-5.998114004822e-03,-1.153306808445e-02,-5.262819975927e-01,-8.374385804591e-01,9.947511925117e-01,1.411051630322e-04,1.689890310555e-04,9.782761170314e-01,2.583351666136e+00,-2.131867320693e+00,89.837853,0.162147,9.949202784517e-01,9.784172083192e-01
532.000000,-8.306255697905e-01,5.522258032400e-01,9.068562935590e-03,-7.590978311348e-03,-6.296804825110e-03,-1.132783549588e-02,-5.493723026148e-01,-8.222050637871e-01,9.948921749538e-01,1.398617854401e-04,1.679696080273e-04,9.778310937975e-01,2.554861826975e+00,-2.159838595102e+00,89.867564,0.132436,9.950602234740e-01,9.779709993200e-01
533.000000,-8.146981087057e-01,5.754968232313e-01,8.827854931700e-03,-7.791489302147e-03,-6.590089728546e-03,-1.111920138212e-02,-5.719001924690e-01,-8.064983921053e-01,9.949296018780e-01,1.386383282406e-04,1.670659220065e-04,9.775094866145e-01,2.526589137581e+00,-2.187613651231e+00,89.896076,0.103924,9.950967773088e-01,9.776481390222e-01
534.000000,-7.982110212272e-01,5.981045905957e-01,8.585588581110e-03,-7.982875089753e-03,-6.878464326766e-03,-1.090659382530e-02,-5.938694055584e-01,-7.903327795486e-01,9.948699357002e-01,1.374386259827e-04,1.662670603646e-04,9.773067732873e-01,2.498535625617e+00,-2.215203633714e+00,89.922635,0.077365,9.950362948751e-01,9.774442403039e-01
535.000000,-7.812002281327e-01,6.200389713002e-01,8.342429508827e-03,-8.165241718756e-03,-7.162286399537e-03,-1.068940793637e-02,-6.152850929682e-01,-7.737230924982e-01,9.947221223656e-01,1.362673024355e-04,1.655617884992e-04,9.772231694938e-01,2.470704722522e+00,-2.242619802178e+00,89.946397,0.053603,9.948878042037e-01,9.773595061491e-01
536.000000,-7.637006821492e-01,6.412943713858e-01,8.099019421936e-03,-8.338855474465e-03,-7.441741246411e-03,-1.046696078732e-02,-6.361501831990e-01,-7.566789611737e-01,9.944972026863e-01,1.351306262209e-04,1.649367809018e-04,9.772501058670e-01,2.443097297233e+00,-2.269874305596e+00,89.966618,0.033382,9.946622487940e-01,9.773852512490e-01
537.000000,-7.457466796662e-01,6.618659786013e-01,7.855956689531e-03,-8.504034626309e-03,-7.716814254873e-03,-1.023861314321e-02,-6.564648765685e-01,-7.392124310598e-01,9.942046838631e-01,1.340346604332e-04,1.643784213406e-04,9.773811524015e-01,2.415714858364e+00,-2.296975355425e+00,89.982741,0.017259,9.943691561112e-01,9.775152534560e-01
538.000000,-7.273728925436e-01,6.817526586657e-01,7.613808109835e-03,-8.661217502182e-03,-7.987397777729e-03,-1.000372012688e-02,-6.762304817262e-01,-7.213324779275e-01,9.938580124050e-01,1.329867625535e-04,1.638729396367e-04,9.776082081286e-01,2.388558040191e+00,-2.323933798010e+00,89.994107,0.005893,9.940220028225e-01,9.777412300710e-01
539.000000,-7.086111554934e-01,7.009554863469e-01,7.373052017546e-03,-8.810920129456e-03,-8.253166047401e-03,-9.761671071987e-03,-6.954434562631e-01,-7.030478028785e-01,9.934683635294e-01,1.319942095811e-04,1.634049719236e-04,9.779178139914e-01,2.361625658641e+00,-2.350757007747e+00,90.000362,0.000362,9.936318726879e-01,9.780498657588e-01
540.000000,-6.894936398168e-01,7.194768696295e-01,7.134106835263e-03,-8.953711519880e-03,-8.513707265967e-03,-9.511956395776e-03,-7.141014896572e-01,-6.843686979729e-01,9.930484452798e-01,1.310644303182e-04,1.629605258857e-04,9.783014522958e-01,2.334917462116e+00,-2.377452228218e+00,90.001105,0.001105,9.932115350388e-01,9.784326063948e-01
541.000000,-6.700499183454e-01,7.373227072385e-01,6.897291482273e-03,-9.090258071068e-03,-8.768478849702e-03,-9.254103725205e-03,-7.321993989173e-01,-6.653026057422e-01,9.926116676841e-01,1.302054215901e-04,1.625246570945e-04,9.787435169821e-01,2.308430577942e+00,-2.404026812973e+00,89.996080,0.003920,9.927743075465e-01,9.788737647233e-01
542.000000,-6.503080606930e-01,7.544988889139e-01,6.662817265185e-03,-9.221211147735e-03,-9.016807763479e-03,-8.987774917541e-03,-7.497303373889e-01,-6.458608371865e-01,9.921691471746e-01,1.294238689404e-04,1.620829202119e-04,9.792317998124e-01,2.282162672445e+00,-2.430484401739e+00,89.985212,0.014788,9.923313313027e-01,9.793613131662e-01
543.000000,-6.302951237642e-01,7.710140546419e-01,6.430827235365e-03,-9.347298814933e-03,-9.257988402976e-03,-8.712736669311e-03,-7.666881984493e-01,-6.260529314291e-01,9.917346154964e-01,1.287275340668e-04,1.616221295384e-04,9.797530665924e-01,2.256110392691e+00,-2.456830692514e+00,89.968367,0.031633,9.918963568964e-01,9.798818512152e-01
544.000000,-6.100348321323e-01,7.868773870076e-01,6.201315500666e-03,-9.469229177088e-03,-9.491206008808e-03,-8.428854299401e-03,-7.830635468026e-01,-6.058903992937e-01,9.913185185985e-01,1.281226151470e-04,1.611285763022e-04,9.802916942873e-01,2.230269024816e+00,-2.483068013014e+00,89.945680,0.054320,9.914797718904e-01,9.804198740298e-01
545.000000,-5.895498504922e-01,8.020993789939e-01,5.974197033602e-03,-9.587721992330e-03,-9.715618251399e-03,-8.136153337010e-03,-7.988478168995e-01,-5.853865465595e-01,9.909324399977e-01,1.276154431985e-04,1.605902291303e-04,9.808352434579e-01,2.204633625491e+00,-2.509198166548e+00,89.917333,0.082667,9.910931449657e-01,9.809629727554e-01
546.000000,-5.688605173895e-01,8.166904478712e-01,5.749274732270e-03,-9.703458239421e-03,-9.930355769435e-03,-7.834736480683e-03,-8.140312275800e-01,-5.645529540181e-01,9.905855758887e-01,1.272112617513e-04,1.599950614293e-04,9.813668773659e-01,2.179198801394e+00,-2.535223943770e+00,89.883474,0.116526,9.907456953268e-01,9.814941361232e-01
547.000000,-5.479854939635e-01,8.306623415335e-01,5.526250807257e-03,-9.817104953900e-03,-1.013453046275e-02,-7.524912483550e-03,-8.286033953682e-01,-5.434073812516e-01,9.902880272363e-01,1.269149976606e-04,1.593330155856e-04,9.818751688145e-01,2.153958275725e+00,-2.561143077361e+00,89.844592,0.155408,9.904474921417e-01,9.820022194229e-01
548.000000,-5.269407490853e-01,8.440261164133e-01,5.304722990277e-03,-9.929253631287e-03,-1.032731157774e-02,-7.207054596270e-03,-8.425564783870e-01,-5.219647784380e-01,9.900466382343e-01,1.267301636780e-04,1.585950003774e-04,9.823486492017e-01,2.128905109290e+00,-2.586957282350e+00,89.800988,0.199012,9.902053348130e-01,9.824754559370e-01
549.000000,-5.057414070312e-01,8.567931011527e-01,5.084223204781e-03,-1.004045584217e-02,-1.050783854945e-02,-6.881688555323e-03,-8.558787583364e-01,-5.002432923193e-01,9.898687889689e-01,1.266600791146e-04,1.577723083539e-04,9.827718004820e-01,2.104032550271e+00,-2.612663718918e+00,89.753211,0.246789,9.900266873501e-01,9.828985445373e-01
550.000000,-4.843999161166e-01,8.689743486953e-01,4.864175530332e-03,-1.015117551057e-02,-1.067534768336e-02,-6.549468526899e-03,-8.685631135978e-01,-4.782638021272e-01,9.897596974243e-01,1.267065678364e-04,1.568585861455e-04,9.831381467279e-01,2.079332674004e+00,-2.638259794742e+00,89.701862,0.298138,9.899166733337e-01,9.832649999297e-01
551.000000,-4.629274196566e-01,8.805798045608e-01,4.643957489396e-03,-1.026178460935e-02,-1.082911570421e-02,-6.211124871339e-03,-8.806010586408e-01,-4.560447230798e-01,9.897225880702e-01,1.268705645320e-04,1.558478191025e-04,9.834350139283e-01,2.054797807659e+00,-2.663744428630e+00,89.647444,0.352556,9.898785586619e-01,9.835619651372e-01
552.000000,-4.413339666927e-01,8.916194686233e-01,4.422884510408e-03,-1.037258216866e-02,-1.096850320943e-02,-5.867534793696e-03,-8.919846462910e-01,-4.336102283346e-01,9.897609469848e-01,1.271523682380e-04,1.547360272105e-04,9.836544393354e-01,2.030420023202e+00,-2.689111796466e+00,89.590745,0.409255,9.899158068837e-01,9.837817304949e-01
553.000000,-4.196275775131e-01,9.021018556438e-01,4.200222772955e-03,-1.048374419314e-02,-1.109298352868e-02,-5.519616669267e-03,-9.027101248455e-01,-4.109824910486e-01,9.898750617654e-01,1.275507636496e-04,1.535204517432e-04,9.837921774471e-01,2.006190903327e+00,-2.714359658282e+00,89.532376,0.467624,9.900286805324e-01,9.839198435752e-01
554.000000,-3.978159143073e-01,9.120345855848e-01,3.975220667546e-03,-1.059535402437e-02,-1.120208427719e-02,-5.168382581044e-03,-9.127711765217e-01,-3.881849837153e-01,9.900645869789e-01,1.280639062574e-04,1.521988706573e-04,9.838388022708e-01,1.982102597935e+00,-2.739483329520e+00,89.473054,0.526946,9.902169084582e-01,9.839669655591e-01
555.000000,-3.759051957816e-01,9.214245086080e-01,3.747092352672e-03,-1.070738065669e-02,-1.129549044288e-02,-4.814926587823e-03,-9.221663337051e-01,-3.652442085608e-01,9.903278412791e-01,1.286887016267e-04,1.507716223912e-04,9.837940789063e-01,1.958146676297e+00,-2.764477115240e+00,89.413589,0.586411,9.904787291464e-01,9.839229337459e-01
556.000000,-3.539009878611e-01,9.302766494485e-01,3.515067458606e-03,-1.081967561231e-02,-1.137298589474e-02,-4.460333625573e-03,-9.308947392060e-01,-3.421832928292e-01,9.906605537181e-01,1.294210795943e-04,1.492393842135e-04,9.836544213728e-01,1.934315121383e+00,-2.789338268136e+00,89.354597,0.645403,9.908099036900e-01,9.837839483410e-01
557.000000,-3.318088308988e-01,9.385955110928e-01,3.278381630598e-03,-1.093199652767e-02,-1.143445532869e-02,-4.105774109057e-03,-9.389559868702e-01,-3.190293935743e-01,9.910586337059e-01,1.302563341968e-04,1.476041496983e-04,9.834180992438e-01,1.910600284083e+00,-2.814060024802e+00,89.296905,0.703095,9.912063464971e-01,9.835484884880e-01
558.000000,-3.096333566542e-01,9.463838555391e-01,3.036290833124e-03,-1.104397146283e-02,-1.147995453992e-02,-3.752405596716e-03,-9.463546310286e-01,-2.958078874617e-01,9.915152175780e-01,1.311883676952e-04,1.458699040010e-04,9.830893939538e-01,1.886994388301e+00,-2.838638411283e+00,89.241185,0.758815,9.916611891937e-01,9.832207357123e-01
559.000000,-2.873795504822e-01,9.536431517727e-01,2.788100385512e-03,-1.115513484110e-02,-1.150960909541e-02,-3.401368738645e-03,-9.530935596803e-01,-2.725430912100e-01,9.920222669583e-01,1.322105370828e-04,1.440404108253e-04,9.826670700704e-01,1.863490410893e+00,-2.863069276003e+00,89.188078,0.811922,9.921664169965e-01,9.827993900956e-01
560.000000,-2.650524407182e-01,9.603741715574e-01,2.533158230287e-03,-1.126492091342e-02,-1.152370136399e-02,-3.053829257452e-03,-9.591798588046e-01,-2.492619413990e-01,9.925713457252e-01,1.333153338052e-04,1.421215662601e-04,9.821575169665e-01,1.840081512568e+00,-2.887346492846e+00,89.138327,0.861673,9.927135800461e-01,9.822910102540e-01
561.000000,-2.426571527062e-01,9.665758758253e-01,2.270885540931e-03,-1.137266240260e-02,-1.152262796867e-02,-2.710873243434e-03,-9.646222942483e-01,-2.259869904879e-01,9.931514174869e-01,1.344943712636e-04,1.401197890463e-04,9.815662904306e-01,1.816761305933e+00,-2.911467760557e+00,89.092430,0.907570,9.932916262064e-01,9.817009054786e-01
562.000000,-2.201998104095e-01,9.722467123646e-01,2.000773696292e-03,-1.147761981256e-02,-1.150687387623e-02,-2.373576523363e-03,-9.694292989323e-01,-2.027427379394e-01,9.937516262081e-01,1.357388519454e-04,1.380420119157e-04,9.808977834156e-01,1.793524265855e+00,-2.935427939885e+00,89.050997,0.949003,9.938897706668e-01,9.810336572158e-01
563.000000,-1.976867204503e-01,9.773838591708e-01,1.722398413691e-03,-1.157896285646e-02,-1.147706277094e-02,-2.042947214579e-03,-9.736139922916e-01,-1.795519554781e-01,9.943592476100e-01,1.370390371267e-04,1.358966031696e-04,9.801631107020e-01,1.770365059089e+00,-2.959223675924e+00,89.014527,0.985473,9.944952411327e-01,9.803003243201e-01
564.000000,-1.751252830162e-01,9.819835054711e-01,1.435436413226e-03,-1.167580301482e-02,-1.143388850764e-02,-1.719907238854e-03,-9.771881098165e-01,-1.564344372651e-01,9.949604697688e-01,1.383848537372e-04,1.336918873155e-04,9.793683351293e-01,1.747279263242e+00,-2.982853238329e+00,88.983371,1.016629,9.950942577965e-01,9.795068409209e-01
565.000000,-1.525240044166e-01,9.860416181427e-01,1.139659147522e-03,-1.176720313980e-02,-1.137814371452e-02,-1.405326249914e-03,-9.801658994835e-01,-1.334116777622e-01,9.955416446328e-01,1.397658927059e-04,1.314370962570e-04,9.785238662736e-01,1.724263176884e+00,-3.006312654779e+00,88.957970,1.042030,9.956731770161e-01,9.786637787721e-01
566.000000,-1.298926759288e-01,9.895530123023e-01,8.349554298243e-04,-1.185216704028e-02,-1.131069924532e-02,-1.099963716197e-03,-9.825629989775e-01,-1.105008754759e-01,9.960872714166e-01,1.411710141206e-04,1.291418375951e-04,9.776404904407e-01,1.701314112185e+00,-3.029601341538e+00,88.938511,1.061489,9.962165581426e-01,9.777817793505e-01
567.000000,-1.072411368861e-01,9.925135173650e-01,5.213062380062e-04,-1.192969769110e-02,-1.123249787898e-02,-8.045025025354e-04,-9.843961623602e-01,-8.772009792863e-02,9.965837435929e-01,1.425894471949e-04,1.268162328779e-04,9.767306200501e-01,1.678428811573e+00,-3.052716837984e+00,88.925322,1.074678,9.967106889873e-01,9.768733912103e-01
568.000000,-8.458169462596e-02,9.949160381420e-01,1.988205299201e-04,-1.199873865020e-02,-1.114451868467e-02,-5.194925754438e-04,-9.856817966146e-01,-6.508255905106e-02,9.970119860179e-01,1.440092587990e-04,1.244701692490e-04,9.758043436699e-01,1.655606303641e+00,-3.075660396397e+00,88.918386,1.081614,9.971365515564e-01,9.759484700645e-01
569.000000,-6.192856416801e-02,9.967568968371e-01,-1.322573073312e-04,-1.205827152741e-02,-1.104778410705e-02,-2.454155978192e-04,-9.864367151422e-01,-4.260321645984e-02,9.973594584522e-01,1.454194042241e-04,1.221137624917e-04,9.748724270333e-01,1.632846626139e+00,-3.098430475725e+00,88.917790,1.082210,9.974817169955e-01,9.750179883434e-01
570.000000,-3.929485755217e-02,9.980304016030e-01,-4.716087787882e-04,-1.210726898802e-02,-1.094337116431e-02,1.738070660882e-05,-9.866801987533e-01,-2.029311145014e-02,9.976087683539e-01,1.468083771884e-04,1.197576745288e-04,9.739496249842e-01,1.610148406221e+00,-3.121028492227e+00,88.923532,1.076468,9.977285904929e-01,9.740965704316e-01
571.000000,-1.669805386033e-02,9.987312428999e-01,-8.187593183656e-04,-1.214471575611e-02,-1.083233577517e-02,2.686620034089e-04,-9.864286698681e-01,1.838644725013e-03,9.977429205471e-01,1.481644876182e-04,1.174116776182e-04,9.730449013521e-01,1.587514035737e+00,3.139728714866e+00,88.935350,1.064650,9.978604357788e-01,9.731931740002e-01
572.000000,5.844948680063e-03,9.988569098638e-01,-1.173146909760e-03,-1.216966211167e-02,-1.071576069601e-02,5.082730638640e-04,-9.857004774276e-01,2.378232689875e-02,9.977492898077e-01,1.494769495840e-04,1.150858688017e-04,9.721710302737e-01,1.564944755954e+00,3.117469997402e+00,88.953144,1.046856,9.978644880913e-01,9.723206575125e-01
573.000000,2.831618606608e-02,9.984028783145e-01,-1.534097727105e-03,-1.218116724479e-02,-1.059472626601e-02,7.362068069467e-04,-9.845138316035e-01,4.553293054512e-02,9.976101138201e-01,1.507342912819e-04,1.127902251142e-04,9.713407323826e-01,1.542442444732e+00,3.095376434023e+00,88.976563,1.023437,9.977229615288e-01,9.714915934236e-01
574.000000,5.069442735369e-02,9.973677424104e-01,-1.900818657726e-03,-1.217838416477e-02,-1.047026575655e-02,9.525344627744e-04,-9.828845264208e-01,6.708498316239e-02,9.973123385656e-01,1.519261524343e-04,1.105337869156e-04,9.705623872434e-01,1.520011810451e+00,3.073445175549e+00,89.005176,0.994824,9.974229860132e-01,9.707144318159e-01
575.000000,7.296001869364e-02,9.957511481804e-01,-2.272452754510e-03,-1.216052165530e-02,-1.034341425364e-02,1.157427632135e-03,-9.808304114933e-01,8.843434876583e-02,9.968435134303e-01,1.530423284506e-04,1.083258571460e-04,9.698489301517e-01,1.497655691954e+00,3.051673058056e+00,89.038636,0.961364,9.969519381738e-01,9.700021435297e-01
576.000000,9.509071423165e-02,9.935522885232e-01,-2.648030461686e-03,-1.212685136444e-02,-1.021514483324e-02,1.351181479165e-03,-9.783666838803e-01,1.095805104249e-01,9.961883939627e-01,1.540725893413e-04,1.061748753538e-04,9.692092563919e-01,1.475379147940e+00,3.030053995165e+00,89.076307,0.923693,9.962946512319e-01,9.693634617116e-01
577.000000,1.170632800716e-01,9.907747711316e-01,-3.026505646125e-03,-1.207677074081e-02,-1.008638126017e-02,1.534145085181e-03,-9.755079206093e-01,1.305212363080e-01,9.953384586520e-01,1.550081279522e-04,1.040886880680e-04,9.686514962989e-01,1.453188310129e+00,3.008584369740e+00,89.117630,0.882370,9.954426648195e-01,9.688066456729e-01
578.000000,1.388557672895e-01,9.874217771223e-01,-3.406788822356e-03,-1.200974222327e-02,-9.958007735929e-03,1.706770599088e-03,-9.722693700551e-01,1.512574446584e-01,9.942826900449e-01,1.558401183495e-04,1.020749839467e-04,9.681865425119e-01,1.431087869725e+00,2.987258269433e+00,89.161996,0.838004,9.943848266393e-01,9.683425341866e-01
579.000000,1.604433397577e-01,9.834983952746e-01,-3.787697340872e-03,-1.192533583443e-02,-9.830812889136e-03,1.869589064646e-03,-9.686626240277e-01,1.717910347773e-01,9.930111587804e-01,1.565602859100e-04,1.001402453319e-04,9.678194388180e-01,1.409085495214e+00,2.966069013487e+00,89.208584,0.791416,9.931113871471e-01,9.679761212854e-01
580.000000,1.818026917662e-01,9.790133599338e-01,-4.168027947343e-03,-1.182325377046e-02,-9.705536833834e-03,2.023169625547e-03,-9.647001248705e-01,1.921228858786e-01,9.915193776622e-01,1.571617866904e-04,9.829066056664e-05,9.675575342035e-01,1.387187898140e+00,2.945011687293e+00,89.256728,0.743272,9.916177536916e-01,9.677148375661e-01
581.000000,2.029105158202e-01,9.739748241291e-01,-4.546541535392e-03,-1.170327462418e-02,-9.582841824810e-03,2.168176390248e-03,-9.603929583444e-01,2.122572063144e-01,9.897996354678e-01,1.576376768621e-04,9.653184629856e-05,9.674077560698e-01,1.365401828995e+00,2.924078427199e+00,89.305591,0.694409,9.898962084328e-01,9.675655234345e-01
582.000000,2.237421770155e-01,9.683947292814e-01,-4.921957063072e-03,-1.156531814447e-02,-9.463280416613e-03,2.305296893401e-03,-9.557493694063e-01,2.321969214428e-01,9.878489134756e-01,1.579822451136e-04,9.486807001017e-05,9.673722674480e-01,1.343736240449e+00,2.903262570953e+00,89.354277,0.645723,9.879438519936e-01,9.675303516639e-01
583.000000,2.442756680526e-01,9.622866726379e-01,-5.293013414091e-03,-1.140941722919e-02,-9.347357694383e-03,2.435249793183e-03,-9.507786739237e-01,2.519453113216e-01,9.856662423391e-01,1.581907925115e-04,9.330353742195e-05,9.674565266851e-01,1.322198214323e+00,2.882557770068e+00,89.402017,0.597983,9.857596170994e-01,9.676148740135e-01
584.000000,2.644882392187e-01,9.556646623973e-01,-5.658425447539e-03,-1.123569253997e-02,-9.235466011195e-03,2.558813819913e-03,-9.454871386561e-01,2.715077854567e-01,9.832489756400e-01,1.582585653980e-04,9.184136060892e-05,9.676624069277e-01,1.300796065602e+00,2.861955242050e+00,89.447832,0.552168,9.833408566565e-01,9.678207773703e-01
585.000000,2.843580229124e-01,9.485469381700e-01,-6.016924723198e-03,-1.104442350834e-02,-9.127911074927e-03,2.676747330470e-03,-9.398800981959e-01,2.908872967607e-01,9.806007791064e-01,1.581826737563e-04,9.048373686295e-05,9.679900184014e-01,1.279538843310e+00,2.841448641976e+00,89.490839,0.509161,9.806913345761e-01,9.681483166020e-01
586.000000,3.038657214529e-01,9.409515075482e-01,-6.367291057691e-03,-1.083596331976e-02,-9.024936010021e-03,2.789843953479e-03,-9.339630512224e-01,3.100886123053e-01,9.777241162314e-01,1.579604964805e-04,8.923269926974e-05,9.684419285301e-01,1.258433718401e+00,2.821030157992e+00,89.530181,0.469819,9.778133912399e-01,9.686000281482e-01
587.000000,3.229920431574e-01,9.328985888309e-01,-6.708312573309e-03,-1.061078728125e-02,-8.926663008189e-03,2.898887965956e-03,-9.277381130131e-01,3.291156504563e-01,9.746236369856e-01,1.575902643090e-04,8.808886390094e-05,9.690151177124e-01,1.237489224553e+00,2.800691960346e+00,89.564919,0.435081,9.747116775655e-01,9.691728364125e-01
588.000000,3.417178998927e-01,9.244100376439e-01,-7.038812711647e-03,-1.036947302320e-02,-8.833145336381e-03,3.004659723518e-03,-9.212073461552e-01,3.479721204729e-01,9.713050408039e-01,1.570708551686e-04,8.705243658775e-05,9.697075712367e-01,1.216715037659e+00,2.780426463406e+00,89.594065,0.405935,9.713920948883e-01,9.698647586391e-01
589.000000,3.600291869352e-01,9.155100731183e-01,-7.357712088570e-03,-1.011270554309e-02,-8.744359561838e-03,3.107907331736e-03,-9.143720741433e-01,3.666607642095e-01,9.677797094263e-01,1.564027405794e-04,8.612291212937e-05,9.705164059837e-01,1.196117836100e+00,2.760226801397e+00,89.616842,0.383158,9.678658368868e-01,9.706729364356e-01
590.000000,3.779114990161e-01,9.062206940122e-01,-7.663962159639e-03,-9.841221420564e-03,-8.660202144657e-03,3.209374560742e-03,-9.072320538692e-01,3.851849090138e-01,9.640530473445e-01,1.555859550330e-04,8.529918625746e-05,9.714374136997e-01,1.175704795297e+00,2.740084972745e+00,89.632382,0.367618,9.641382885849e-01,9.715931169104e-01
591.000000,3.953512274761e-01,8.965688682516e-01,-7.956580154801e-03,-9.555888369008e-03,-8.580485550509e-03,3.309757008911e-03,-8.997859933485e-01,4.035461040266e-01,9.601383285848e-01,1.546221702807e-04,8.457922374053e-05,9.724642919012e-01,1.155485242556e+00,2.719994151158e+00,89.639757,0.360243,9.602229102105e-01,9.726190185648e-01
592.000000,4.123400223014e-01,8.865803511909e-01,-8.234694532566e-03,-9.257619084656e-03,-8.504971958680e-03,3.409708769935e-03,-8.920324830247e-01,4.217453987717e-01,9.560490131093e-01,1.535137051613e-04,8.396066191371e-05,9.735911321563e-01,1.135464316902e+00,2.699947775497e+00,89.638299,0.361701,9.561329580896e-01,9.737447735535e-01
593.000000,4.288682349880e-01,8.762799912232e-01,-8.497474472846e-03,-8.947381615453e-03,-8.433350303599e-03,3.509855748771e-03,-8.839684420435e-01,4.397835946122e-01,9.517945859999e-01,1.522627101892e-04,8.344048472040e-05,9.748098166189e-01,1.115649146303e+00,2.679938615347e+00,89.627185,0.372815,9.518779796680e-01,9.749621940774e-01
594.000000,4.449293057569e-01,8.656966443985e-01,-8.744195269845e-03,-8.626242479062e-03,-8.365249927280e-03,3.610754624440e-03,-8.755905877239e-01,4.576594736759e-01,9.473927672442e-01,1.508730102248e-04,8.301495530377e-05,9.761110711560e-01,1.096046974641e+00,2.659960915018e+00,89.605668,0.394332,9.474757797857e-01,9.762620398468e-01
595.000000,4.605205509991e-01,8.548561193015e-01,-8.974237919208e-03,-8.295273665132e-03,-8.300264815535e-03,3.712914167421e-03,-8.668955864667e-01,4.753715801201e-01,9.428581625998e-01,1.493485114100e-04,8.268012762265e-05,9.774860970212e-01,1.076661446563e+00,2.640008796357e+00,89.573205,0.426795,9.429407973821e-01,9.776355570203e-01
596.000000,4.756378741841e-01,8.437846329808e-01,-9.187034449268e-03,-7.955598568008e-03,-8.237932139403e-03,3.816790867929e-03,-8.578786444064e-01,4.929173144063e-01,9.382038942129e-01,1.476931505473e-04,8.243141846291e-05,9.789232473700e-01,1.057498930044e+00,2.620076348169e+00,89.529091,0.470909,9.382862785269e-01,9.790710333598e-01
597.000000,4.902816651599e-01,8.325105445911e-01,-9.382145534249e-03,-7.608398627317e-03,-8.177761441608e-03,3.922766364173e-03,-8.485355945565e-01,5.102921508879e-01,9.334499180474e-01,1.459123844980e-04,8.226387814374e-05,9.804107344872e-01,1.038564119469e+00,2.600159225272e+00,89.472809,0.527191,9.335321877425e-01,9.805567530852e-01
598.000000,5.044543720790e-01,8.210582813621e-01,-9.559225837562e-03,-7.254831796818e-03,-8.119235534316e-03,4.031173978160e-03,-8.388620801304e-01,5.274915279993e-01,9.286109149030e-01,1.440113830136e-04,8.217234930390e-05,9.819369015917e-01,1.019859212931e+00,2.580252560734e+00,89.403953,0.596047,9.286930230352e-01,9.820810088380e-01
599.000000,5.181576447103e-01,8.094538658404e-01,-9.717993670812e-03,-6.896097586798e-03,-8.061800332177e-03,4.142278076241e-03,-8.288530518089e-01,5.445089816969e-01,9.237029056957e-01,1.419955629126e-04,8.215109225680e-05,9.834874126415e-01,1.001389214966e+00,2.560352256302e+00,89.322003,0.677997,9.237850184112e-01,9.836294871370e-01
600.000000,5.313979721329e-01,7.977230963987e-01,-9.858297860142e-03,-6.533406556337e-03,-8.004902001016e-03,4.256261476501e-03,-8.185045927348e-01,5.613365635148e-01,9.187459433149e-01,1.398714379297e-04,8.219421780222e-05,9.850485058666e-01,9.831560753717e-01,2.540455520318e+00,89.226686,0.773314,9.188281276817e-01,9.851884759346e-01
