lambda_nm,T_percent,T45_percent,overlap_p45_percent,overlap_m45_percent,overlap_0_percent,overlap_90_percent,overlap_R_percent,overlap_L_percent,delta_deg,retardance_deg,retardance_deg_plus90,phi_in,phi_out_est,phi_out_field,phi_out_flux
500.000000,95.685156,95.681722,99.996411,0.003589,50.391633,49.608367,50.453361,49.546639,0.519537,0.519537,90.519537,4.458490023273e+02,4.266113135579e+02,4.266113135579e+02,4.266113135579e+02
501.000000,96.017560,96.014408,99.996717,0.003283,50.296499,49.703501,50.490241,49.509759,0.561794,0.561794,90.561794,4.476508589356e+02,4.298234328520e+02,4.298234328520e+02,4.298234328520e+02
502.000000,96.330734,96.327821,99.996976,0.003024,50.204670,49.795330,50.510366,49.489634,0.584851,0.584851,90.584851,4.494564253989e+02,4.329646733171e+02,4.329646733171e+02,4.329646733171e+02
503.000000,96.624146,96.621448,99.997208,0.002792,50.118132,49.881868,50.514989,49.485011,0.590146,0.590146,90.590146,4.512655862006e+02,4.360315169084e+02,4.360315169084e+02,4.360315169084e+02
504.000000,96.897528,96.895037,99.997429,0.002571,50.038601,49.961399,50.505553,49.494447,0.579331,0.579331,90.579331,4.530782543131e+02,4.390216293786e+02,4.390216293786e+02,4.390216293786e+02
505.000000,97.150504,97.148221,99.997650,0.002350,49.967501,50.032499,50.483696,49.516304,0.554284,0.554284,90.554284,4.548945538883e+02,4.419323522696e+02,4.419323522696e+02,4.419323522696e+02
506.000000,97.383183,97.381115,99.997876,0.002124,49.905975,50.094025,50.451146,49.548854,0.516983,0.516983,90.516983,4.567145757301e+02,4.447631915040e+02,4.447631915040e+02,4.447631915040e+02
507.000000,97.595492,97.593648,99.998110,0.001890,49.854875,50.145125,50.409741,49.590259,0.469535,0.469535,90.469535,4.585380020208e+02,4.475124182306e+02,4.475124182306e+02,4.475124182306e+02
508.000000,97.787822,97.786210,99.998351,0.001649,49.814748,50.185252,50.361322,49.638678,0.414052,0.414052,90.414052,4.603652059528e+02,4.501811104366e+02,4.501811104366e+02,4.501811104366e+02
509.000000,97.960497,97.959120,99.998594,0.001406,49.785873,50.214127,50.307737,49.692263,0.352646,0.352646,90.352646,4.621959786022e+02,4.527694793467e+02,4.527694793467e+02,4.527694793467e+02
510.000000,98.114127,98.112983,99.998834,0.001166,49.768263,50.231737,50.250776,49.749224,0.287373,0.287373,90.287373,4.640302957401e+02,4.552792715724e+02,4.552792715724e+02,4.552792715724e+02
511.000000,98.249504,98.248584,99.999063,0.000937,49.761678,50.238322,50.192152,49.807848,0.220193,0.220193,90.220193,4.658681812158e+02,4.577131791547e+02,4.577131791547e+02,4.577131791547e+02
512.000000,98.367302,98.366587,99.999273,0.000727,49.765664,50.234336,50.133466,49.866534,0.152942,0.152942,90.152942,4.677096285389e+02,4.600733446589e+02,4.600733446589e+02,4.600733446589e+02
513.000000,98.468642,98.468106,99.999456,0.000544,49.779564,50.220436,50.076175,49.923825,0.087291,0.087291,90.087291,4.695548754860e+02,4.623643082075e+02,4.623643082075e+02,4.623643082075e+02
514.000000,98.554418,98.554029,99.999605,0.000395,49.802554,50.197446,50.021591,49.978409,0.024742,0.024742,90.024742,4.714035988105e+02,4.645890726476e+02,4.645890726476e+02,4.645890726476e+02
515.000000,98.625855,98.625574,99.999715,0.000285,49.833674,50.166326,49.970841,50.029159,-0.033414,0.033414,90.033414,4.732559703559e+02,4.667527460368e+02,4.667527460368e+02,4.667527460368e+02
516.000000,98.684065,98.683848,99.999779,0.000221,49.871852,50.128148,49.924878,50.075122,-0.086084,0.086084,90.086084,4.751118375936e+02,4.688596758645e+02,4.688596758645e+02,4.688596758645e+02
517.000000,98.730164,98.729962,99.999796,0.000204,49.915939,50.084061,49.884461,50.115539,-0.132398,0.132398,90.132398,4.769712952965e+02,4.709145406360e+02,4.709145406360e+02,4.709145406360e+02
518.000000,98.765406,98.765172,99.999763,0.000237,49.964735,50.035265,49.850158,50.149842,-0.171706,0.171706,90.171706,4.788345234122e+02,4.729228632139e+02,4.729228632139e+02,4.729228632139e+02
519.000000,98.790850,98.790536,99.999682,0.000318,50.017018,49.982982,49.822357,50.177643,-0.203564,0.203564,90.203564,4.807011732312e+02,4.748887768304e+02,4.748887768304e+02,4.748887768304e+02
520.000000,98.807740,98.807299,99.999554,0.000446,50.071574,49.928426,49.801249,50.198751,-0.227753,0.227753,90.227753,4.825715519124e+02,4.768180463491e+02,4.768180463491e+02,4.768180463491e+02
521.000000,98.817047,98.816439,99.999384,0.000616,50.127209,49.872791,49.786869,50.213131,-0.244231,0.244231,90.244231,4.844454973965e+02,4.787147362749e+02,4.787147362749e+02,4.787147362749e+02
522.000000,98.819880,98.819068,99.999178,0.000822,50.182791,49.817209,49.779074,50.220926,-0.253165,0.253165,90.253165,4.863230164109e+02,4.805838232584e+02,4.805838232584e+02,4.805838232584e+02
523.000000,98.817192,98.816147,99.998943,0.001057,50.237236,49.762764,49.777591,50.222409,-0.254866,0.254866,90.254866,4.882041745520e+02,4.824296572177e+02,4.824296572177e+02,4.824296572177e+02
524.000000,98.810025,98.808727,99.998686,0.001314,50.289570,49.710430,49.781991,50.218009,-0.249825,0.249825,90.249825,4.900888273339e+02,4.842568912840e+02,4.842568912840e+02,4.842568912840e+02
525.000000,98.798971,98.797407,99.998418,0.001582,50.338909,49.661091,49.791752,50.208248,-0.238641,0.238641,90.238641,4.919771450454e+02,4.860683544691e+02,4.860683544691e+02,4.860683544691e+02
526.000000,98.785077,98.783246,99.998146,0.001854,50.384467,49.615533,49.806246,50.193754,-0.222033,0.222033,90.222033,4.938691262431e+02,4.878689953155e+02,4.878689953155e+02,4.878689953155e+02
527.000000,98.768962,98.766869,99.997882,0.002118,50.425590,49.574410,49.824760,50.175240,-0.200817,0.200817,90.200817,4.957645560303e+02,4.896615050357e+02,4.896615050357e+02,4.896615050357e+02
528.000000,98.751251,98.748913,99.997632,0.002368,50.461742,49.538258,49.846538,50.153462,-0.175863,0.175863,90.175863,4.976637650531e+02,4.914491927188e+02,4.914491927188e+02,4.914491927188e+02
529.000000,98.732750,98.730190,99.997407,0.002593,50.492505,49.507495,49.870760,50.129240,-0.148106,0.148106,90.148106,4.995664123468e+02,4.932356569388e+02,4.932356569388e+02,4.932356569388e+02
530.000000,98.713755,98.711005,99.997214,0.002786,50.517603,49.482397,49.896597,50.103403,-0.118498,0.118498,90.118498,5.014727146215e+02,4.950225489372e+02,4.950225489372e+02,4.950225489372e+02
531.000000,98.694996,98.692093,99.997059,0.002941,50.536864,49.463136,49.923209,50.076791,-0.088001,0.088001,90.088001,5.033827013469e+02,4.968135348516e+02,4.968135348516e+02,4.968135348516e+02
532.000000,98.676804,98.673791,99.996947,0.003053,50.550255,49.449745,49.949758,50.050242,-0.057577,0.057577,90.057577,5.052961268900e+02,4.986100668366e+02,4.986100668366e+02,4.986100668366e+02
533.000000,98.659550,98.656474,99.996882,0.003118,50.557845,49.442155,49.975444,50.024556,-0.028141,0.028141,90.028141,5.072133302820e+02,5.004143894005e+02,5.004143894005e+02,5.004143894005e+02
534.000000,98.643743,98.640652,99.996866,0.003134,50.559812,49.440188,49.999487,50.000513,-0.000588,0.000588,90.000588,5.091339743199e+02,5.022288107491e+02,5.022288107491e+02,5.022288107491e+02
535.000000,98.629452,98.626394,99.996899,0.003101,50.556443,49.443557,50.021168,49.978832,0.024259,0.024259,90.024259,5.110582602580e+02,5.040539637819e+02,5.040539637819e+02,5.040539637819e+02
536.000000,98.617120,98.614142,99.996980,0.003020,50.548098,49.451902,50.039828,49.960172,0.045642,0.045642,90.045642,5.129862511496e+02,5.058922687262e+02,5.058922687262e+02,5.058922687262e+02
537.000000,98.606839,98.603985,99.997105,0.002895,50.535234,49.464766,50.054869,49.945131,0.062878,0.062878,90.062878,5.149176748278e+02,5.077440435500e+02,5.077440435500e+02,5.077440435500e+02
538.000000,98.598750,98.596058,99.997270,0.002730,50.518359,49.481641,50.065785,49.934215,0.075388,0.075388,90.075388,5.168528722127e+02,5.096104701483e+02,5.096104701483e+02,5.096104701483e+02
539.000000,98.593083,98.590586,99.997467,0.002533,50.498044,49.501956,50.072132,49.927868,0.082662,0.082662,90.082662,5.187915153386e+02,5.114925515853e+02,5.114925515853e+02,5.114925515853e+02
540.000000,98.589696,98.587419,99.997690,0.002310,50.474913,49.525087,50.073576,49.926424,0.084316,0.084316,90.084316,5.207337853690e+02,5.133898564299e+02,5.133898564299e+02,5.133898564299e+02
541.000000,98.588773,98.586732,99.997930,0.002070,50.449601,49.550399,50.069861,49.930139,0.080058,0.080058,90.080058,5.226797781316e+02,5.153035791089e+02,5.153035791089e+02,5.153035791089e+02
542.000000,98.590178,98.588380,99.998175,0.001825,50.422786,49.577214,50.060820,49.939180,0.069697,0.069697,90.069697,5.246292020811e+02,5.172328660425e+02,5.172328660425e+02,5.172328660425e+02
543.000000,98.593839,98.592279,99.998417,0.001583,50.395135,49.604865,50.046394,49.953606,0.053166,0.053166,90.053166,5.265823937551e+02,5.191777992740e+02,5.191777992740e+02,5.191777992740e+02
544.000000,98.599706,98.598368,99.998644,0.001356,50.367318,49.632682,50.026595,49.973405,0.030476,0.030476,90.030476,5.285390274589e+02,5.211379249964e+02,5.211379249964e+02,5.211379249964e+02
545.000000,98.607504,98.606364,99.998844,0.001156,50.340003,49.659997,50.001537,49.998463,0.001761,0.001761,90.001761,5.304993711118e+02,5.231121870210e+02,5.231121870210e+02,5.231121870210e+02
546.000000,98.617242,98.616263,99.999007,0.000993,50.313809,49.686191,49.971414,50.028586,-0.032758,0.032758,90.032758,5.324631717202e+02,5.251004945802e+02,5.251004945802e+02,5.251004945802e+02
547.000000,98.628587,98.627722,99.999122,0.000878,50.289341,49.710659,49.936495,50.063505,-0.072773,0.072773,90.072773,5.344306463738e+02,5.271013960653e+02,5.271013960653e+02,5.271013960653e+02
548.000000,98.641204,98.640396,99.999180,0.000820,50.267151,49.732849,49.897133,50.102867,-0.117879,0.117879,90.117879,5.364018282292e+02,5.291132223489e+02,5.291132223489e+02,5.291132223489e+02
549.000000,98.655089,98.654272,99.999172,0.000828,50.247738,49.752262,49.853736,50.146264,-0.167608,0.167608,90.167608,5.383765386350e+02,5.311358530616e+02,5.311358530616e+02,5.311358530616e+02
550.000000,98.669720,98.668823,99.999090,0.000910,50.231553,49.768447,49.806780,50.193220,-0.221417,0.221417,90.221417,5.403548254077e+02,5.331665938465e+02,5.331665938465e+02,5.331665938465e+02
551.000000,98.684953,98.683896,99.998929,0.001071,50.218971,49.781029,49.756793,50.243207,-0.278698,0.278698,90.278698,5.423367516209e+02,5.352047673096e+02,5.352047673096e+02,5.352047673096e+02
552.000000,98.700534,98.699235,99.998684,0.001316,50.210302,49.789698,49.704336,50.295664,-0.338811,0.338811,90.338811,5.443221541069e+02,5.372488748210e+02,5.372488748210e+02,5.372488748210e+02
553.000000,98.715964,98.714336,99.998352,0.001648,50.205787,49.794213,49.650017,50.349983,-0.401058,0.401058,90.401058,5.463113188809e+02,5.392964829752e+02,5.392964829752e+02,5.392964829752e+02
554.000000,98.731224,98.729183,99.997933,0.002067,50.205582,49.794418,49.594460,50.405540,-0.464724,0.464724,90.464724,5.483039473850e+02,5.413472000815e+02,5.413472000815e+02,5.413472000815e+02
555.000000,98.745803,98.743264,99.997428,0.002572,50.209776,49.790224,49.538306,50.461694,-0.529074,0.529074,90.529074,5.503002296268e+02,5.433983817063e+02,5.433983817063e+02,5.433983817063e+02
556.000000,98.759460,98.756341,99.996842,0.003158,50.218370,49.781630,49.482210,50.517790,-0.593360,0.593360,90.593360,5.523002448274e+02,5.454487408409e+02,5.454487408409e+02,5.454487408409e+02
557.000000,98.772051,98.768277,99.996179,0.003821,50.231290,49.768710,49.426813,50.573187,-0.656846,0.656846,90.656846,5.543036767067e+02,5.474971105113e+02,5.474971105113e+02,5.474971105113e+02
558.000000,98.783058,98.778562,99.995448,0.004552,50.248392,49.751608,49.372753,50.627247,-0.718800,0.718800,90.718800,5.563108205539e+02,5.495408399039e+02,5.495408399039e+02,5.495408399039e+02
559.000000,98.792460,98.787183,99.994659,0.005341,50.269442,49.730558,49.320649,50.679351,-0.778514,0.778514,90.778514,5.583214005327e+02,5.515794462178e+02,5.515794462178e+02,5.515794462178e+02
560.000000,98.799836,98.793732,99.993821,0.006179,50.294148,49.705852,49.271081,50.728919,-0.835324,0.835324,90.835324,5.603356611395e+02,5.536107162221e+02,5.536107162221e+02,5.536107162221e+02
561.000000,98.804902,98.797935,99.992949,0.007051,50.322147,49.677853,49.224608,50.775392,-0.888588,0.888588,90.888588,5.623536271562e+02,5.556329483377e+02,5.556329483377e+02,5.556329483377e+02
562.000000,98.807577,98.799730,99.992058,0.007942,50.353006,49.646994,49.181733,50.818267,-0.937730,0.937730,90.937730,5.643751201070e+02,5.576453834934e+02,5.576453834934e+02,5.576453834934e+02
563.000000,98.807414,98.798681,99.991161,0.008839,50.386248,49.613752,49.142917,50.857083,-0.982222,0.982222,90.982222,5.664002113997e+02,5.596454024891e+02,5.596454024891e+02,5.596454024891e+02
564.000000,98.804311,98.794705,99.990277,0.009723,50.421332,49.578668,49.108569,50.891431,-1.021595,1.021595,91.021595,5.684289252015e+02,5.616322859105e+02,5.616322859105e+02,5.616322859105e+02
565.000000,98.798002,98.787551,99.989422,0.010578,50.457678,49.542322,49.079025,50.920975,-1.055464,1.055464,91.055464,5.704612555613e+02,5.636043202602e+02,5.636043202602e+02,5.636043202602e+02
566.000000,98.788258,98.777010,99.988613,0.011387,50.494663,49.505337,49.054573,50.945427,-1.083497,1.083497,91.083497,5.724970216349e+02,5.655598365433e+02,5.655598365433e+02,5.655598365433e+02
567.000000,98.774782,98.762799,99.987868,0.012132,50.531640,49.468360,49.035417,50.964583,-1.105462,1.105462,91.105462,5.745365467228e+02,5.674972214488e+02,5.674972214488e+02,5.674972214488e+02
568.000000,98.757302,98.744663,99.987202,0.012798,50.567936,49.432064,49.021704,50.978296,-1.121189,1.121189,91.121189,5.765796545400e+02,5.694145095274e+02,5.694145095274e+02,5.694145095274e+02
569.000000,98.735814,98.722615,99.986632,0.013368,50.602855,49.397145,49.013499,50.986501,-1.130602,1.130602,91.130602,5.786262888087e+02,5.713113789479e+02,5.713113789479e+02,5.713113789479e+02
570.000000,98.709833,98.696184,99.986172,0.013828,50.635706,49.364294,49.010796,50.989204,-1.133709,1.133709,91.133709,5.806766245072e+02,5.731849292001e+02,5.731849292001e+02,5.731849292001e+02
571.000000,98.679292,98.665314,99.985834,0.014166,50.665786,49.334214,49.013523,50.986477,-1.130593,1.130593,91.130593,5.827304725766e+02,5.750343074763e+02,5.750343074763e+02,5.750343074763e+02
572.000000,98.644039,98.629863,99.985629,0.014371,50.692403,49.307597,49.021519,50.978481,-1.121435,1.121435,91.121435,5.847878959478e+02,5.768583983874e+02,5.768583983874e+02,5.768583983874e+02
573.000000,98.603635,98.589403,99.985567,0.014433,50.714885,49.285115,49.034568,50.965432,-1.106486,1.106486,91.106486,5.868490866779e+02,5.786545318789e+02,5.786545318789e+02,5.786545318789e+02
574.000000,98.558191,98.544050,99.985651,0.014349,50.732568,49.267432,49.052374,50.947626,-1.086081,1.086081,91.086081,5.889136134530e+02,5.804226064782e+02,5.804226064782e+02,5.804226064782e+02
575.000000,98.507358,98.493454,99.985886,0.014114,50.744831,49.255169,49.074573,50.925427,-1.060639,1.060639,91.060639,5.909819491352e+02,5.821607022450e+02,5.821607022450e+02,5.821607022450e+02
576.000000,98.450957,98.437440,99.986270,0.013730,50.751081,49.248919,49.100748,50.899252,-1.030639,1.030639,91.030639,5.930538171314e+02,5.838671565262e+02,5.838671565262e+02,5.838671565262e+02
577.000000,98.389056,98.376068,99.986800,0.013200,50.750760,49.249240,49.130409,50.869591,-0.996640,0.996640,90.996640,5.951292403426e+02,5.855420406766e+02,5.855420406766e+02,5.855420406766e+02
578.000000,98.321331,98.309008,99.987467,0.012533,50.743372,49.256628,49.163017,50.836983,-0.959263,0.959263,90.959263,5.972083542268e+02,5.871832001587e+02,5.871832001587e+02,5.871832001587e+02
579.000000,98.247817,98.236283,99.988260,0.011740,50.728457,49.271543,49.197988,50.802012,-0.919175,0.919175,90.919175,5.992909822311e+02,5.887903102236e+02,5.887903102236e+02,5.887903102236e+02
580.000000,98.168528,98.157889,99.989163,0.010837,50.705616,49.294384,49.234680,50.765320,-0.877114,0.877114,90.877114,6.013772482981e+02,5.903631901601e+02,5.903631901601e+02,5.903631901601e+02
581.000000,98.083266,98.073610,99.990156,0.009844,50.674517,49.325483,49.272424,50.727576,-0.833846,0.833846,90.833846,6.034671408682e+02,5.919002793954e+02,5.919002793954e+02,5.919002793954e+02
582.000000,97.992249,97.983640,99.991215,0.008785,50.634876,49.365124,49.310513,50.689487,-0.790183,0.790183,90.790183,6.055605642267e+02,5.934024147089e+02,5.934024147089e+02,5.934024147089e+02
583.000000,97.895446,97.887919,99.992311,0.007689,50.586489,49.413511,49.348207,50.651793,-0.746972,0.746972,90.746972,6.076576007294e+02,5.948691157712e+02,5.948691157712e+02,5.948691157712e+02
584.000000,97.792854,97.786413,99.993414,0.006586,50.529214,49.470786,49.384758,50.615242,-0.705073,0.705073,90.705073,6.097583285629e+02,5.963000728999e+02,5.963000728999e+02,5.963000728999e+02
585.000000,97.684810,97.679423,99.994485,0.005515,50.462972,49.537028,49.419391,50.580609,-0.665372,0.665372,90.665372,6.118624923660e+02,5.976967124872e+02,5.976967124872e+02,5.976967124872e+02
586.000000,97.571246,97.566842,99.995486,0.004514,50.387767,49.612233,49.451332,50.548668,-0.628758,0.628758,90.628758,6.139703298931e+02,5.990585015721e+02,5.990585015721e+02,5.990585015721e+02
587.000000,97.452441,97.448905,99.996372,0.003628,50.303664,49.696336,49.479798,50.520202,-0.596129,0.596129,90.596129,6.160817930173e+02,6.003867456713e+02,6.003867456713e+02,6.003867456713e+02
588.000000,97.328596,97.325769,99.997096,0.002904,50.210797,49.789203,49.504021,50.495979,-0.568365,0.568365,90.568365,6.181967392199e+02,6.016822045081e+02,6.016822045081e+02,6.016822045081e+02
589.000000,97.200009,97.197684,99.997607,0.002393,50.109372,49.890628,49.523231,50.476769,-0.546347,0.546347,90.546347,6.203154696507e+02,6.029466945472e+02,6.029466945472e+02,6.029466945472e+02
590.000000,97.066737,97.064653,99.997853,0.002147,49.999664,50.000336,49.536687,50.463313,-0.530925,0.530925,90.530925,6.224377246800e+02,6.041799897756e+02,6.041799897756e+02,6.041799897756e+02
591.000000,96.929205,96.927051,99.997778,0.002222,49.882006,50.117994,49.543669,50.456331,-0.522926,0.522926,90.522926,6.245635718960e+02,6.053845031193e+02,6.053845031193e+02,6.053845031193e+02
592.000000,96.787672,96.785082,99.997324,0.002676,49.756801,50.243199,49.543476,50.456524,-0.523151,0.523151,90.523151,6.266930267268e+02,6.065615899496e+02,6.065615899496e+02,6.065615899496e+02
593.000000,96.642224,96.638776,99.996432,0.003568,49.624509,50.375491,49.535455,50.464545,-0.532352,0.532352,90.532352,6.288261462477e+02,6.077115746251e+02,6.077115746251e+02,6.077115746251e+02
594.000000,96.493380,96.488595,99.995040,0.004960,49.485641,50.514359,49.518984,50.481016,-0.551242,0.551242,90.551242,6.309626730032e+02,6.088372126715e+02,6.088372126715e+02,6.088372126715e+02
595.000000,96.341242,96.334583,99.993088,0.006912,49.340767,50.659233,49.493480,50.506520,-0.580490,0.580490,90.580490,6.331029219820e+02,6.099392180755e+02,6.099392180755e+02,6.099392180755e+02
596.000000,96.185985,96.176860,99.990513,0.009487,49.190504,50.809496,49.458419,50.541581,-0.620700,0.620700,90.620700,6.352468133507e+02,6.110184025318e+02,6.110184025318e+02,6.110184025318e+02
597.000000,96.028057,96.015817,99.987254,0.012746,49.035505,50.964495,49.413317,50.586683,-0.672429,0.672429,90.672429,6.373941506489e+02,6.120772191500e+02,6.120772191500e+02,6.120772191500e+02
598.000000,95.867441,95.851382,99.983249,0.016751,48.876473,51.123527,49.357749,50.642251,-0.736171,0.736171,90.736171,6.395452351578e+02,6.131156502333e+02,6.131156502333e+02,6.131156502333e+02
599.000000,95.704380,95.683745,99.978439,0.021561,48.714136,51.285864,49.291350,50.708650,-0.812349,0.812349,90.812349,6.416997528364e+02,6.141347711950e+02,6.141347711950e+02,6.141347711950e+02
600.000000,95.539108,95.513088,99.972765,0.027235,48.549253,51.450747,49.213805,50.786195,-0.901329,0.901329,90.901329,6.438579953457e+02,6.151361866179e+02,6.151361866179e+02,6.151361866179e+02
